attack_id,location_names,campaign_name,verified_attack_type,attack_date,number_killed,number_wounded
1370897987,Lebanon,"Hezbollah vs. Israel","Confirmed Suicide",1987-11-11,6,73
-781119838,Lebanon,"Hezbollah vs. U.S. & France","Confirmed Suicide",1987-11-14,7,37
-715689082,Israel,"Palestinian Resistance vs. Israel","Confirmed Suicide",1994-04-06,9,150
-294578190,Israel,"Palestinian Resistance vs. Israel","Confirmed Suicide",1994-04-13,6,25
302557478,Argentina,"Isolated Attacks","Confirmed Suicide",1994-07-18,85,200
-1118038832,Israel,"Palestinian Resistance vs. Israel","Confirmed Suicide",1994-10-19,22,48
-1719272104,Israel,"Palestinian Resistance vs. Israel","Confirmed Suicide",1995-01-22,21,50
-613971756,"Palestinian Territory, Occupied","Palestinian Resistance vs. Israel","Confirmed Suicide",1995-04-09,7,45
917511821,Israel,"Palestinian Resistance vs. Israel","Confirmed Suicide",1995-07-24,8,33
896252265,Israel,"Palestinian Resistance vs. Israel","Confirmed Suicide",1995-08-21,4,107
2094671663,"Sri Lanka","LTTE vs. Sri Lanka & India","Confirmed Suicide",1995-10-20,20,25
-114514840,"Sri Lanka","LTTE vs. Sri Lanka & India","Confirmed Suicide",1996-01-08,0,7
415247092,"Sri Lanka","LTTE vs. Sri Lanka & India","Confirmed Suicide",1996-01-31,120,1400
1273314078,Israel,"Palestinian Resistance vs. Israel","Confirmed Suicide",1996-02-25,5,31
1360166379,Israel,"Palestinian Resistance vs. Israel","Confirmed Suicide",1996-02-25,24,50
318127688,Israel,"Palestinian Resistance vs. Israel","Confirmed Suicide",1996-03-03,18,10
860234452,Israel,"Palestinian Resistance vs. Israel","Confirmed Suicide",1996-03-04,14,130
-1463751263,Israel,"Palestinian Resistance vs. Israel","Confirmed Suicide",1997-03-21,3,48
929403286,"Palestinian Territory, Occupied","Palestinian Resistance vs. Israel","Confirmed Suicide",1997-04-01,0,7
-2100543043,Israel,"Palestinian Resistance vs. Israel","Confirmed Suicide",1997-07-30,18,170
-2014145562,Israel,"Palestinian Resistance vs. Israel","Confirmed Suicide",1997-09-04,7,172
-1999748987,"Sri Lanka","LTTE vs. Sri Lanka & India","Confirmed Suicide",1997-10-15,20,100
392896550,"Sri Lanka","LTTE vs. Sri Lanka & India","Confirmed Suicide",1998-01-25,13,25
352979252,India,"BKI vs. India","Confirmed Suicide",1998-02-27,1,2
-1063598888,"Palestinian Territory, Occupied","Palestinian Resistance vs. Israel","Confirmed Suicide",1998-10-29,1,6
1214330541,Israel,"Palestinian Resistance vs. Israel","Confirmed Suicide",1998-11-06,0,24
-2075258081,Turkey,"PKK vs. Turkey","Confirmed Suicide",1998-12-01,0,9
-1942778894,Finland,"Isolated Attacks","Confirmed Suicide",1999-03-08,0,7
985170050,"Sri Lanka","LTTE vs. Sri Lanka & India","Confirmed Suicide",1999-07-25,1,0
-247587657,"Palestinian Territory, Occupied","Palestinian Resistance vs. Israel","Confirmed Suicide",2000-12-22,1,9
975458768,Israel,"Palestinian Resistance vs. Israel","Confirmed Suicide",2001-01-01,0,35
485876100,Israel,"Palestinian Resistance vs. Israel","Confirmed Suicide",2001-03-04,3,66
-270081544,Israel,"Palestinian Resistance vs. Israel","Confirmed Suicide",2001-03-27,1,23
1106085676,Israel,"Palestinian Resistance vs. Israel","Confirmed Suicide",2001-03-28,2,4
143181088,Israel,"Palestinian Resistance vs. Israel","Confirmed Suicide",2001-04-22,2,50
1501618655,"Palestinian Territory, Occupied","Palestinian Resistance vs. Israel","Confirmed Suicide",2001-04-29,12,0
1998363464,Israel,"Palestinian Resistance vs. Israel","Confirmed Suicide",2001-05-18,7,110
-1723137641,Israel,"Palestinian Resistance vs. Israel","Confirmed Suicide",2001-05-25,2,65
-946572661,Israel,"Palestinian Resistance vs. Israel","Confirmed Suicide",2001-06-01,20,108
1148691587,Israel,"Palestinian Resistance vs. Israel","Confirmed Suicide",2001-07-16,3,10
-999257823,Israel,"Palestinian Resistance vs. Israel","Confirmed Suicide",2001-08-09,19,120
-282686277,Israel,"Palestinian Resistance vs. Israel","Confirmed Suicide",2001-08-12,0,16
-1637462487,Israel,"Palestinian Resistance vs. Israel","Confirmed Suicide",2001-09-04,5,13
544543731,Israel,"Palestinian Resistance vs. Israel","Confirmed Suicide",2001-09-09,0,13
1198171981,Israel,"Palestinian Resistance vs. Israel","Confirmed Suicide",2001-09-09,4,74
-1207612841,"United States","Al Qaeda vs. U.S. & Allies","Confirmed Suicide",2001-09-11,2753,6185
401974227,"United States","Al Qaeda vs. U.S. & Allies","Confirmed Suicide",2001-09-11,40,0
-1777336017,Israel,"Palestinian Resistance vs. Israel","Confirmed Suicide",2001-10-07,1,0
501748240,Israel,"Palestinian Resistance vs. Israel","Confirmed Suicide",2001-11-29,3,8
676528924,Israel,"Palestinian Resistance vs. Israel","Confirmed Suicide",2001-12-01,11,170
448619721,Israel,"Palestinian Resistance vs. Israel","Confirmed Suicide",2001-12-02,12,40
-862995611,Israel,"Palestinian Resistance vs. Israel","Confirmed Suicide",2001-12-05,0,10
524323293,"Palestinian Territory, Occupied","Palestinian Resistance vs. Israel","Confirmed Suicide",2001-12-12,0,4
1336875910,Israel,"Palestinian Resistance vs. Israel","Confirmed Suicide",2002-01-25,0,24
1389576178,Israel,"Palestinian Resistance vs. Israel","Confirmed Suicide",2002-01-27,1,150
-1796823165,China,"Isolated Attacks","Confirmed Suicide",2002-02-01,1,4
-946785687,Israel,"Palestinian Resistance vs. Israel","Confirmed Suicide",2002-02-16,2,30
1248796279,"Palestinian Territory, Occupied","Palestinian Resistance vs. Israel","Confirmed Suicide",2002-02-18,3,2
363865568,"Palestinian Territory, Occupied","Palestinian Resistance vs. Israel","Confirmed Suicide",2002-02-19,0,0
-1327073097,Israel,"Palestinian Resistance vs. Israel","Confirmed Suicide",2002-03-02,11,57
-1291625933,Israel,"Palestinian Resistance vs. Israel","Confirmed Suicide",2002-03-05,1,20
-1191107171,"Palestinian Territory, Occupied","Palestinian Resistance vs. Israel","Confirmed Suicide",2002-03-07,0,10
-949328554,Israel,"Palestinian Resistance vs. Israel","Confirmed Suicide",2002-03-09,11,64
1648697125,Israel,"Palestinian Resistance vs. Israel","Confirmed Suicide",2002-03-17,0,25
-1995518839,Israel,"Palestinian Resistance vs. Israel","Confirmed Suicide",2002-03-20,7,30
-1943281747,Israel,"Palestinian Resistance vs. Israel","Confirmed Suicide",2002-03-21,3,87
-928676043,Israel,"Palestinian Resistance vs. Israel","Confirmed Suicide",2002-03-27,30,152
500376473,Israel,"Palestinian Resistance vs. Israel","Confirmed Suicide",2002-03-29,3,23
-1673390009,Israel,"Palestinian Resistance vs. Israel","Confirmed Suicide",2002-03-30,0,32
-1310222839,Israel,"Palestinian Resistance vs. Israel","Confirmed Suicide",2002-03-31,15,40
-475360979,"Palestinian Territory, Occupied","Palestinian Resistance vs. Israel","Confirmed Suicide",2002-03-31,0,6
-2081651973,Israel,"Palestinian Resistance vs. Israel","Confirmed Suicide",2002-04-01,10,20
1279559861,Israel,"Palestinian Resistance vs. Israel","Confirmed Suicide",2002-04-10,10,17
1224538349,Tunisia,"Al Qaeda vs. U.S. & Allies","Confirmed Suicide",2002-04-11,21,0
1312591129,Israel,"Palestinian Resistance vs. Israel","Confirmed Suicide",2002-04-12,6,95
-871205190,Israel,"Palestinian Resistance vs. Israel","Confirmed Suicide",2002-05-07,16,55
322487549,Pakistan,"Al Qaeda vs. U.S. & Allies","Confirmed Suicide",2002-05-08,15,21
-1487593365,Israel,"Palestinian Resistance vs. Israel","Confirmed Suicide",2002-05-19,3,55
-253414857,Israel,"Palestinian Resistance vs. Israel","Confirmed Suicide",2002-05-20,0,0
-508325834,Israel,"Palestinian Resistance vs. Israel","Confirmed Suicide",2002-05-22,2,51
774423434,Israel,"Palestinian Resistance vs. Israel","Confirmed Suicide",2002-05-27,2,53
1628894604,Israel,"Palestinian Resistance vs. Israel","Confirmed Suicide",2002-06-11,1,15
-1751714216,Israel,"Palestinian Resistance vs. Israel","Confirmed Suicide",2002-06-18,19,70
-770507804,Israel,"Palestinian Resistance vs. Israel","Confirmed Suicide",2002-06-19,7,45
833607745,Israel,"Palestinian Resistance vs. Israel","Confirmed Suicide",2002-07-17,5,40
251475941,Israel,"Palestinian Resistance vs. Israel","Confirmed Suicide",2002-07-30,0,5
525259624,Israel,"Palestinian Resistance vs. Israel","Confirmed Suicide",2002-08-04,9,52
831418780,Israel,"Palestinian Resistance vs. Israel","Confirmed Suicide",2002-08-06,0,1
-2101445564,Israel,"Palestinian Resistance vs. Israel","Confirmed Suicide",2002-09-19,6,60
311019713,Yemen,"Al Qaeda vs. U.S. & Allies","Confirmed Suicide",2002-10-06,1,0
1432133882,Israel,"Palestinian Resistance vs. Israel","Confirmed Suicide",2002-10-10,1,48
1084999367,Finland,"Isolated Attacks","Confirmed Suicide",2002-10-11,6,100
-1198387491,Indonesia,"Al Qaeda vs. U.S. & Allies","Confirmed Suicide",2002-10-12,202,300
277967774,Israel,"Palestinian Resistance vs. Israel","Confirmed Suicide",2002-10-21,16,48
1233270570,"Palestinian Territory, Occupied","Palestinian Resistance vs. Israel","Confirmed Suicide",2002-10-27,3,30
-2123020174,Israel,"Palestinian Resistance vs. Israel","Confirmed Suicide",2002-11-04,2,60
-1891794700,Israel,"Palestinian Resistance vs. Israel","Confirmed Suicide",2002-11-21,11,48
-1267626874,Kenya,"Al Qaeda vs. U.S. & Allies","Confirmed Suicide",2002-11-28,13,80
189030388,Israel,"Palestinian Resistance vs. Israel","Confirmed Suicide",2003-01-05,25,106
-1134639204,Israel,"Palestinian Resistance vs. Israel","Confirmed Suicide",2003-03-05,17,55
-1230594988,Iraq,"Iraqi Rebels vs. U.S. & Allies","Confirmed Suicide",2003-03-22,5,9
-1664216508,Israel,"Palestinian Resistance vs. Israel","Confirmed Suicide",2003-04-24,1,15
-1959405015,Israel,"Palestinian Resistance vs. Israel","Confirmed Suicide",2003-05-01,3,65
730157966,"Saudi Arabia","Al Qaeda vs. U.S. & Allies","Confirmed Suicide",2003-05-12,11,110
1917130864,"Saudi Arabia","Al Qaeda vs. U.S. & Allies","Confirmed Suicide",2003-05-12,5,30
-1605311432,Morocco,"Al Qaeda vs. U.S. & Allies","Confirmed Suicide",2003-05-16,20,70
971158740,Morocco,"Al Qaeda vs. U.S. & Allies","Confirmed Suicide",2003-05-16,2,15
997757154,Morocco,"Al Qaeda vs. U.S. & Allies","Confirmed Suicide",2003-05-16,2,10
1200077038,Morocco,"Al Qaeda vs. U.S. & Allies","Confirmed Suicide",2003-05-16,3,0
1398455602,Morocco,"Al Qaeda vs. U.S. & Allies","Confirmed Suicide",2003-05-16,3,0
-503264325,"Palestinian Territory, Occupied","Palestinian Resistance vs. Israel","Confirmed Suicide",2003-05-17,2,1
-937391681,Israel,"Palestinian Resistance vs. Israel","Confirmed Suicide",2003-05-18,7,20
581166522,Israel,"Palestinian Resistance vs. Israel","Confirmed Suicide",2003-05-19,3,50
772191590,Israel,"Palestinian Resistance vs. Israel","Confirmed Suicide",2003-06-11,17,104
-422391789,Israel,"Palestinian Resistance vs. Israel","Confirmed Suicide",2003-06-19,1,0
632242528,Pakistan,"Pakistani Rebels vs. Pakistan & U.S. Allies","Confirmed Suicide",2003-07-04,50,50
-254633453,Russia,"Chechen Separatists vs. Russia","Confirmed Suicide",2003-07-05,17,60
-1526982402,Israel,"Palestinian Resistance vs. Israel","Confirmed Suicide",2003-07-08,2,0
1846902186,Pakistan,"Isolated Attacks","Confirmed Suicide",2003-07-28,0,5
-1161022025,Indonesia,"Indonesian Rebels vs. Indonesian Government & Allies","Confirmed Suicide",2003-08-05,12,149
2027865322,Israel,"Palestinian Resistance vs. Israel","Confirmed Suicide",2003-08-12,1,9
2008779066,Israel,"Palestinian Resistance vs. Israel","Confirmed Suicide",2003-08-19,23,120
1121664256,Israel,"Palestinian Resistance vs. Israel","Confirmed Suicide",2003-09-09,7,70
-1052966610,Israel,"Palestinian Resistance vs. Israel","Confirmed Suicide",2003-10-04,21,69
1738991411,"Saudi Arabia","Al Qaeda vs. U.S. & Allies","Confirmed Suicide",2003-11-08,18,100
1398453907,Turkey,"Al Qaeda vs. U.S. & Allies","Confirmed Suicide",2003-11-15,13,150
1437551061,Turkey,"Al Qaeda vs. U.S. & Allies","Confirmed Suicide",2003-11-15,12,150
518742204,Turkey,"Al Qaeda vs. U.S. & Allies","Confirmed Suicide",2003-11-20,14,43
204272276,Russia,"Chechen Separatists vs. Russia","Confirmed Suicide",2003-12-05,42,200
2078969394,Israel,"Palestinian Resistance vs. Israel","Confirmed Suicide",2003-12-25,4,16
746289780,Iraq,"Iraqi Rebels vs. U.S. & Allies","Confirmed Suicide",2003-12-31,5,30
-1341335104,Iraq,"Iraqi Rebels vs. U.S. & Allies","Confirmed Suicide",2004-01-09,4,38
1225777170,Iraq,"Iraqi Rebels vs. U.S. & Allies","Confirmed Suicide",2004-01-28,3,17
1618675249,Israel,"Palestinian Resistance vs. Israel","Confirmed Suicide",2004-01-29,11,50
-1179319670,Russia,"Chechen Separatists vs. Russia","Confirmed Suicide",2004-02-06,41,120
105598966,Israel,"Palestinian Resistance vs. Israel","Confirmed Suicide",2004-02-22,8,59
1167820814,Pakistan,"Pakistani Rebels vs. Pakistan & U.S. Allies","Confirmed Suicide",2004-02-28,0,3
-358903635,Iraq,"Iraqi Rebels vs. U.S. & Allies","Confirmed Suicide",2004-03-02,58,200
1220019825,Pakistan,"Pakistani Rebels vs. Pakistan & U.S. Allies","Confirmed Suicide",2004-03-02,48,151
1248724612,Iraq,"Iraqi Rebels vs. U.S. & Allies","Confirmed Suicide",2004-03-02,165,230
-822005143,Turkey,"Al Qaeda vs. U.S. & Allies","Confirmed Suicide",2004-03-09,3,7
-540075166,Israel,"Palestinian Resistance vs. Israel","Confirmed Suicide",2004-03-14,11,20
1399927519,Iraq,"Iraqi Rebels vs. U.S. & Allies","Confirmed Suicide",2004-03-17,29,50
-35736389,Uzbekistan,"Uzbek Rebels vs. U.S.","Confirmed Suicide",2004-03-29,4,0
-1663858168,Iraq,"Iraqi Rebels vs. U.S. & Allies","Confirmed Suicide",2004-04-24,3,5
1342642202,Iraq,"Iraqi Rebels vs. U.S. & Allies","Confirmed Suicide",2004-04-27,3,0
-169332703,Pakistan,"Pakistani Rebels vs. Pakistan & U.S. Allies","Confirmed Suicide",2004-05-07,20,100
276868157,Pakistan,"Pakistani Rebels vs. Pakistan & U.S. Allies","Confirmed Suicide",2004-05-31,20,50
1528557956,Iraq,"Iraqi Rebels vs. U.S. & Allies","Confirmed Suicide",2004-06-24,62,220
-1993595016,Iraq,"Iraqi Rebels vs. U.S. & Allies","Confirmed Suicide",2004-07-31,2,20
-1739816447,Russia,"Chechen Separatists vs. Russia","Confirmed Suicide",2004-08-24,46,0
-1077614223,Russia,"Chechen Separatists vs. Russia","Confirmed Suicide",2004-08-24,43,0
-973688732,Russia,"Chechen Separatists vs. Russia","Confirmed Suicide",2004-08-31,10,51
-932749832,Israel,"Palestinian Resistance vs. Israel","Confirmed Suicide",2004-08-31,8,50
1902871973,Israel,"Palestinian Resistance vs. Israel","Confirmed Suicide",2004-08-31,8,50
1220367535,Pakistan,"Pakistani Rebels vs. Pakistan & U.S. Allies","Confirmed Suicide",2004-10-01,31,50
-1902321206,Iraq,"Iraqi Rebels vs. U.S. & Allies","Confirmed Suicide",2004-10-04,7,11
-1381926401,Egypt,"Al Qaeda vs. U.S. & Allies","Confirmed Suicide",2004-10-08,31,159
-1224107521,Egypt,"Al Qaeda vs. U.S. & Allies","Confirmed Suicide",2004-10-08,3,12
-1705544754,Pakistan,"Pakistani Rebels vs. Pakistan & U.S. Allies","Confirmed Suicide",2004-10-10,9,20
-502116985,Iraq,"Iraqi Rebels vs. U.S. & Allies","Confirmed Suicide",2004-10-14,6,20
1397053049,Iraq,"Iraqi Rebels vs. U.S. & Allies","Confirmed Suicide",2004-10-14,4,7
-1967501429,Iraq,"Iraqi Rebels vs. U.S. & Allies","Confirmed Suicide",2004-10-17,5,15
-151817779,Iraq,"Iraqi Rebels vs. U.S. & Allies","Confirmed Suicide",2004-10-18,1,4
-1044936880,Iraq,"Iraqi Rebels vs. U.S. & Allies","Confirmed Suicide",2004-10-30,7,19
-1265315167,Israel,"Palestinian Resistance vs. Israel","Confirmed Suicide",2004-11-01,5,40
-1768010981,Iraq,"Iraqi Rebels vs. U.S. & Allies","Confirmed Suicide",2004-12-03,14,19
-1441716712,Iraq,"Iraqi Rebels vs. U.S. & Allies","Confirmed Suicide",2004-12-19,54,142
-963589539,Iraq,"Iraqi Rebels vs. U.S. & Allies","Confirmed Suicide",2004-12-19,16,37
-568982905,Iraq,"Iraqi Rebels vs. U.S. & Allies","Confirmed Suicide",2005-01-20,15,55
-984350913,Iraq,"Iraqi Rebels vs. U.S. & Allies","Confirmed Suicide",2005-01-21,7,42
1158022486,Iraq,"Iraqi Rebels vs. U.S. & Allies","Confirmed Suicide",2005-01-21,15,40
-1875596258,Iraq,"Iraqi Rebels vs. U.S. & Allies","Confirmed Suicide",2005-02-11,14,40
-831318114,Iraq,"Iraqi Rebels vs. U.S. & Allies","Confirmed Suicide",2005-02-18,17,23
1721207637,Iraq,"Iraqi Rebels vs. U.S. & Allies","Confirmed Suicide",2005-02-18,2,9
-1645966144,Iraq,"Iraqi Rebels vs. U.S. & Allies","Confirmed Suicide",2005-02-19,4,55
-1324989557,Iraq,"Iraqi Rebels vs. U.S. & Allies","Confirmed Suicide",2005-02-19,19,50
1342556024,Iraq,"Iraqi Rebels vs. U.S. & Allies","Confirmed Suicide",2005-02-19,4,55
-869112163,Israel,"Palestinian Resistance vs. Israel","Confirmed Suicide",2005-02-25,5,52
478694572,Iraq,"Iraqi Rebels vs. U.S. & Allies","Confirmed Suicide",2005-03-10,51,90
12565325,Qatar,"Isolated Attacks","Confirmed Suicide",2005-03-20,1,12
-892601287,Iraq,"Iraqi Rebels vs. U.S. & Allies","Confirmed Suicide",2005-03-28,7,9
1024783166,Egypt,"Isolated Attacks","Confirmed Suicide",2005-04-07,3,18
-589351843,Iraq,"Iraqi Rebels vs. U.S. & Allies","Confirmed Suicide",2005-04-22,9,25
591313660,Iraq,"Iraqi Rebels vs. U.S. & Allies","Confirmed Suicide",2005-04-23,0,2
1145122038,Iraq,"Iraqi Rebels vs. U.S. & Allies","Confirmed Suicide",2005-04-24,23,80
-1369708315,Iraq,"Iraqi Rebels vs. U.S. & Allies","Confirmed Suicide",2005-04-30,1,18
-1006731219,Iraq,"Iraqi Rebels vs. U.S. & Allies","Confirmed Suicide",2005-05-06,28,52
-2079433614,Iraq,"Iraqi Rebels vs. U.S. & Allies","Confirmed Suicide",2005-05-11,33,80
1230993390,Iraq,"Iraqi Rebels vs. U.S. & Allies","Confirmed Suicide",2005-05-12,14,56
-1887749090,Iraq,"Iraqi Rebels vs. U.S. & Allies","Confirmed Suicide",2005-05-23,5,30
-1346846240,Iraq,"Iraqi Rebels vs. U.S. & Allies","Confirmed Suicide",2005-05-23,10,30
2115549000,Iraq,"Iraqi Rebels vs. U.S. & Allies","Confirmed Suicide",2005-05-24,6,4
19323007,Pakistan,"Pakistani Rebels vs. Pakistan & U.S. Allies","Confirmed Suicide",2005-05-27,19,79
-2017491333,Pakistan,"Pakistani Rebels vs. Pakistan & U.S. Allies","Confirmed Suicide",2005-05-30,3,30
1227050598,Iraq,"Iraqi Rebels vs. U.S. & Allies","Confirmed Suicide",2005-06-01,10,13
-1249228945,Iraq,"Iraqi Rebels vs. U.S. & Allies","Confirmed Suicide",2005-06-02,10,13
287853784,Iraq,"Iraqi Rebels vs. U.S. & Allies","Confirmed Suicide",2005-06-14,23,100
1816029299,Iraq,"Iraqi Rebels vs. U.S. & Allies","Confirmed Suicide",2005-06-22,8,20
234211239,Iraq,"Iraqi Rebels vs. U.S. & Allies","Confirmed Suicide",2005-06-26,5,6
-155175424,"United Kingdom","Al Qaeda vs. U.S. & Allies","Confirmed Suicide",2005-07-07,26,340
334932427,"United Kingdom","Al Qaeda vs. U.S. & Allies","Confirmed Suicide",2005-07-07,13,110
432142008,"United Kingdom","Al Qaeda vs. U.S. & Allies","Confirmed Suicide",2005-07-07,7,171
1014232674,"United Kingdom","Al Qaeda vs. U.S. & Allies","Confirmed Suicide",2005-07-07,6,163
327188960,Israel,"Palestinian Resistance vs. Israel","Confirmed Suicide",2005-07-12,3,50
-1260515772,Iraq,"Iraqi Rebels vs. U.S. & Allies","Confirmed Suicide",2005-07-13,2,16
-1594438656,Iraq,"Iraqi Rebels vs. U.S. & Allies","Confirmed Suicide",2005-07-16,100,151
1187803063,Egypt,"Al Qaeda vs. U.S. & Allies","Confirmed Suicide",2005-07-23,17,200
1430049476,Egypt,"Al Qaeda vs. U.S. & Allies","Confirmed Suicide",2005-07-23,30,200
-1964845043,Iraq,"Iraqi Rebels vs. U.S. & Allies","Confirmed Suicide",2005-07-25,8,16
-1171523953,China,"Isolated Attacks","Confirmed Suicide",2005-08-12,0,31
-1113757559,Israel,"Palestinian Resistance vs. Israel","Confirmed Suicide",2005-08-12,0,40
-275365304,Iraq,"Iraqi Rebels vs. U.S. & Allies","Confirmed Suicide",2005-08-14,2,4
-1075819056,Iraq,"Iraqi Rebels vs. U.S. & Allies","Confirmed Suicide",2005-08-17,10,40
152305511,Iraq,"Iraqi Rebels vs. U.S. & Allies","Confirmed Suicide",2005-08-17,25,75
-1538000409,Israel,"Palestinian Resistance vs. Israel","Confirmed Suicide",2005-08-28,0,50
1227130671,Iraq,"Iraqi Rebels vs. U.S. & Allies","Confirmed Suicide",2005-09-07,10,15
-343343357,Iraq,"Iraqi Rebels vs. U.S. & Allies","Confirmed Suicide",2005-09-14,114,200
-204555889,Pakistan,"Pakistani Rebels vs. Pakistan & U.S. Allies","Confirmed Suicide",2005-09-14,0,4
803114556,Iraq,"Iraqi Rebels vs. U.S. & Allies","Confirmed Suicide",2005-09-14,0,0
-1073629623,Iraq,"Iraqi Rebels vs. U.S. & Allies","Confirmed Suicide",2005-09-16,12,24
-1385347057,Iraq,"Iraqi Rebels vs. U.S. & Allies","Confirmed Suicide",2005-09-23,5,17
-668350180,Iraq,"Iraqi Rebels vs. U.S. & Allies","Confirmed Suicide",2005-09-25,6,19
1636475624,Iraq,"Iraqi Rebels vs. U.S. & Allies","Confirmed Suicide",2005-09-25,4,48
467067709,Iraq,"Iraqi Rebels vs. U.S. & Allies","Confirmed Suicide",2005-09-29,102,150
-1112273429,Iraq,"Iraqi Rebels vs. U.S. & Allies","Confirmed Suicide",2005-09-30,14,50
-1188436202,Indonesia,"Indonesian Rebels vs. Indonesian Government & Allies","Confirmed Suicide",2005-10-01,14,60
-210208654,Indonesia,"Indonesian Rebels vs. Indonesian Government & Allies","Confirmed Suicide",2005-10-01,6,41
-326924542,Iraq,"Iraqi Rebels vs. U.S. & Allies","Confirmed Suicide",2005-10-06,10,11
948115193,Iraq,"Iraqi Rebels vs. U.S. & Allies","Confirmed Suicide",2005-10-11,30,45
395228514,Iraq,"Iraqi Rebels vs. U.S. & Allies","Confirmed Suicide",2005-10-24,17,10
-2134654500,Israel,"Palestinian Resistance vs. Israel","Confirmed Suicide",2005-10-26,6,30
-842231463,Iraq,"Iraqi Rebels vs. U.S. & Allies","Confirmed Suicide",2005-10-29,25,45
-1987447591,Iraq,"Iraqi Rebels vs. U.S. & Allies","Confirmed Suicide",2005-11-02,23,61
-1730186248,Jordan,"Iraqi Rebels vs. U.S. & Allies","Confirmed Suicide",2005-11-09,20,40
-764743062,Jordan,"Iraqi Rebels vs. U.S. & Allies","Confirmed Suicide",2005-11-09,17,40
-731923258,Jordan,"Iraqi Rebels vs. U.S. & Allies","Confirmed Suicide",2005-11-09,20,40
-2079763944,Iraq,"Iraqi Rebels vs. U.S. & Allies","Confirmed Suicide",2005-11-18,8,60
-1798761288,Iraq,"Iraqi Rebels vs. U.S. & Allies","Confirmed Suicide",2005-11-18,37,85
-1575895871,Iraq,"Iraqi Rebels vs. U.S. & Allies","Confirmed Suicide",2005-11-18,37,85
474346701,Iraq,"Iraqi Rebels vs. U.S. & Allies","Confirmed Suicide",2005-11-24,14,23
-1433270785,Iraq,"Iraqi Rebels vs. U.S. & Allies","Confirmed Suicide",2005-11-26,12,16
-664168402,Israel,"Palestinian Resistance vs. Israel","Confirmed Suicide",2005-12-05,10,50
1340748983,Iraq,"Iraqi Rebels vs. U.S. & Allies","Confirmed Suicide",2005-12-08,32,44
1345055273,Bangladesh,"Isolated Attacks","Confirmed Suicide",2005-12-08,5,50
-2024719847,Afghanistan,"Afghan Rebels vs. U.S. & Allies","Confirmed Suicide",2005-12-14,0,0
1880934608,Iraq,"Iraqi Rebels vs. U.S. & Allies","Confirmed Suicide",2005-12-23,10,8
1459438874,Iraq,"Iraqi Rebels vs. U.S. & Allies","Confirmed Suicide",2006-01-05,51,138
-1220719605,Afghanistan,"Afghan Rebels vs. U.S. & Allies","Confirmed Suicide",2006-01-16,20,20
-1744440816,Iraq,"Iraqi Rebels vs. U.S. & Allies","Confirmed Suicide",2006-01-19,12,46
-1232312096,Israel,"Palestinian Resistance vs. Israel","Confirmed Suicide",2006-01-19,0,30
-1345843559,Iraq,"Iraqi Rebels vs. U.S. & Allies","Confirmed Suicide",2006-02-01,9,60
1220383107,Pakistan,"Pakistani Rebels vs. Pakistan & U.S. Allies","Confirmed Suicide",2006-02-09,27,50
1935889064,Iraq,"Iraqi Rebels vs. U.S. & Allies","Confirmed Suicide",2006-02-13,10,40
1557185968,Iraq,"Iraqi Rebels vs. U.S. & Allies","Confirmed Suicide",2006-02-20,12,15
-1393627627,Iraq,"Iraqi Rebels vs. U.S. & Allies","Confirmed Suicide",2006-02-28,23,12
800349545,Iraq,"Iraqi Rebels vs. U.S. & Allies","Confirmed Suicide",2006-03-06,2,6
-1657344269,Iraq,"Iraqi Rebels vs. U.S. & Allies","Confirmed Suicide",2006-03-12,48,200
778862098,Iraq,"Iraqi Rebels vs. U.S. & Allies","Confirmed Suicide",2006-03-17,1,4
219239872,Afghanistan,"Afghan Rebels vs. U.S. & Allies","Confirmed Suicide",2006-03-30,0,0
1756879033,"Palestinian Territory, Occupied","Palestinian Resistance vs. Israel","Confirmed Suicide",2006-03-30,4,0
1227027200,Iraq,"Iraqi Rebels vs. U.S. & Allies","Confirmed Suicide",2006-04-03,10,38
-2065827889,Iraq,"Iraqi Rebels vs. U.S. & Allies","Confirmed Suicide",2006-04-07,85,164
384074976,Pakistan,"Pakistani Rebels vs. Pakistan & U.S. Allies","Confirmed Suicide",2006-04-11,57,125
-1628112671,Iraq,"Iraqi Rebels vs. U.S. & Allies","Confirmed Suicide",2006-04-16,10,25
92886340,Israel,"Palestinian Resistance vs. Israel","Confirmed Suicide",2006-04-17,9,60
1003399873,Iraq,"Iraqi Rebels vs. U.S. & Allies","Confirmed Suicide",2006-05-07,1,13
1893423858,Iraq,"Iraqi Rebels vs. U.S. & Allies","Confirmed Suicide",2006-05-09,17,65
291135480,Iraq,"Iraqi Rebels vs. U.S. & Allies","Confirmed Suicide",2006-05-27,4,19
-793860245,Iraq,"Iraqi Rebels vs. U.S. & Allies","Confirmed Suicide",2006-06-03,28,67
-1458740712,Afghanistan,"Afghan Rebels vs. U.S. & Allies","Confirmed Suicide",2006-06-07,0,0
-52887098,Iraq,"Iraqi Rebels vs. U.S. & Allies","Confirmed Suicide",2006-06-16,11,25
1851657206,Iraq,"Iraqi Rebels vs. U.S. & Allies","Confirmed Suicide",2006-06-20,2,4
-1369593797,Iraq,"Iraqi Rebels vs. U.S. & Allies","Confirmed Suicide",2006-06-23,10,18
506179624,Iraq,"Iraqi Rebels vs. U.S. & Allies","Confirmed Suicide",2006-06-26,25,40
928542992,Iraq,"Iraqi Rebels vs. U.S. & Allies","Confirmed Suicide",2006-06-27,3,10
2116458221,Iraq,"Iraqi Rebels vs. U.S. & Allies","Confirmed Suicide",2006-06-29,4,27
286356930,Iraq,"Iraqi Rebels vs. U.S. & Allies","Confirmed Suicide",2006-07-01,66,120
30672252,Iraq,"Iraqi Rebels vs. U.S. & Allies","Confirmed Suicide",2006-07-06,12,40
-33183164,Iraq,"Iraqi Rebels vs. U.S. & Allies","Confirmed Suicide",2006-07-10,8,21
224695512,Pakistan,"Pakistani Rebels vs. Pakistan & U.S. Allies","Confirmed Suicide",2006-07-14,2,0
-1519793586,Iraq,"Iraqi Rebels vs. U.S. & Allies","Confirmed Suicide",2006-07-16,26,22
-1588122435,Iraq,"Iraqi Rebels vs. U.S. & Allies","Confirmed Suicide",2006-07-18,60,105
576531448,Iraq,"Iraqi Rebels vs. U.S. & Allies","Confirmed Suicide",2006-07-24,35,75
-1781330771,Iraq,"Iraqi Rebels vs. U.S. & Allies","Confirmed Suicide",2006-08-04,10,12
-2066570533,Iraq,"Iraqi Rebels vs. U.S. & Allies","Confirmed Suicide",2006-08-10,35,122
-2029240387,Iraq,"Iraqi Rebels vs. U.S. & Allies","Confirmed Suicide",2006-08-27,2,25
-2013419585,Iraq,"Iraqi Rebels vs. U.S. & Allies","Confirmed Suicide",2006-08-27,9,60
835432815,Iraq,"Iraqi Rebels vs. U.S. & Allies","Confirmed Suicide",2006-08-27,8,18
1491433547,Iraq,"Iraqi Rebels vs. U.S. & Allies","Confirmed Suicide",2006-08-27,7,15
-1324158733,Iraq,"Iraqi Rebels vs. U.S. & Allies","Confirmed Suicide",2006-08-28,3,15
-254842077,Iraq,"Iraqi Rebels vs. U.S. & Allies","Confirmed Suicide",2006-08-31,4,11
-1054309827,Iraq,"Iraqi Rebels vs. U.S. & Allies","Confirmed Suicide",2006-09-18,20,18
1342107854,Iraq,"Iraqi Rebels vs. U.S. & Allies","Confirmed Suicide",2006-09-20,22,24
-1684496334,Afghanistan,"Afghan Rebels vs. U.S. & Allies","Confirmed Suicide",2006-10-02,0,3
842010413,Iraq,"Iraqi Rebels vs. U.S. & Allies","Confirmed Suicide",2006-10-03,2,19
-971799468,Iraq,"Iraqi Rebels vs. U.S. & Allies","Confirmed Suicide",2006-10-14,8,6
-677825200,Iraq,"Iraqi Rebels vs. U.S. & Allies","Confirmed Suicide",2006-10-15,3,8
1090354557,Iraq,"Iraqi Rebels vs. U.S. & Allies","Confirmed Suicide",2006-10-15,2,25
-425673602,Iraq,"Iraqi Rebels vs. U.S. & Allies","Confirmed Suicide",2006-10-19,12,0
1342194193,Iraq,"Iraqi Rebels vs. U.S. & Allies","Confirmed Suicide",2006-10-21,4,15
766973736,Iraq,"Iraqi Rebels vs. U.S. & Allies","Confirmed Suicide",2006-10-22,5,20
-491934555,Iraq,"Iraqi Rebels vs. U.S. & Allies","Confirmed Suicide",2006-10-31,15,19
2030564984,Iraq,"Iraqi Rebels vs. U.S. & Allies","Confirmed Suicide",2006-11-07,17,22
-1321441543,Iraq,"Iraqi Rebels vs. U.S. & Allies","Confirmed Suicide",2006-11-09,9,27
1342020202,Iraq,"Iraqi Rebels vs. U.S. & Allies","Confirmed Suicide",2006-11-09,9,27
-1973917725,Iraq,"Iraqi Rebels vs. U.S. & Allies","Confirmed Suicide",2006-11-13,10,12
-1210246860,Iraq,"Iraqi Rebels vs. U.S. & Allies","Confirmed Suicide",2006-11-14,10,18
980285591,Iraq,"Iraqi Rebels vs. U.S. & Allies","Confirmed Suicide",2006-11-15,3,15
1566560609,Afghanistan,"Afghan Rebels vs. U.S. & Allies","Confirmed Suicide",2006-11-15,0,1
-352359122,Iraq,"Iraqi Rebels vs. U.S. & Allies","Confirmed Suicide",2006-11-19,3,24
138275170,Iraq,"Iraqi Rebels vs. U.S. & Allies","Confirmed Suicide",2006-11-19,22,44
-1532628046,Iraq,"Iraqi Rebels vs. U.S. & Allies","Confirmed Suicide",2006-11-23,67,85
-1345760955,Iraq,"Iraqi Rebels vs. U.S. & Allies","Confirmed Suicide",2006-11-23,67,85
-1278046946,Iraq,"Iraqi Rebels vs. U.S. & Allies","Confirmed Suicide",2006-11-23,67,85
-1267271609,Iraq,"Iraqi Rebels vs. U.S. & Allies","Confirmed Suicide",2006-11-24,22,26
-2075393941,Iraq,"Iraqi Rebels vs. U.S. & Allies","Confirmed Suicide",2006-12-06,4,15
1508971891,Iraq,"Iraqi Rebels vs. U.S. & Allies","Confirmed Suicide",2006-12-09,6,47
134469087,Iraq,"Iraqi Rebels vs. U.S. & Allies","Confirmed Suicide",2006-12-12,70,235
74105019,Iraq,"Iraqi Rebels vs. U.S. & Allies","Confirmed Suicide",2006-12-25,3,19
37080626,Iraq,"Iraqi Rebels vs. U.S. & Allies","Confirmed Suicide",2006-12-29,9,15
-1135996081,Iraq,"Iraqi Rebels vs. U.S. & Allies","Confirmed Suicide",2007-01-16,15,74
651986071,Iraq,"Iraqi Rebels vs. U.S. & Allies","Confirmed Suicide",2007-01-16,70,110
1693925955,Iraq,"Iraqi Rebels vs. U.S. & Allies","Confirmed Suicide",2007-01-17,17,33
1572576589,Iraq,"Iraqi Rebels vs. U.S. & Allies","Confirmed Suicide",2007-01-22,88,160
-1239191443,Pakistan,"Pakistani Rebels vs. Pakistan & U.S. Allies","Confirmed Suicide",2007-01-26,1,7
-372024533,Iraq,"Iraqi Rebels vs. U.S. & Allies","Confirmed Suicide",2007-01-26,7,3
-1463686187,Iraq,"Iraqi Rebels vs. U.S. & Allies","Confirmed Suicide",2007-01-27,15,55
1218491644,Iraq,"Iraqi Rebels vs. U.S. & Allies","Confirmed Suicide",2007-01-28,8,15
862872376,Israel,"Palestinian Resistance vs. Israel","Confirmed Suicide",2007-01-29,3,2
-398832258,Iraq,"Iraqi Rebels vs. U.S. & Allies","Confirmed Suicide",2007-01-30,23,57
-1954862888,Iraq,"Iraqi Rebels vs. U.S. & Allies","Confirmed Suicide",2007-02-01,6,12
-54401626,Iraq,"Iraqi Rebels vs. U.S. & Allies","Confirmed Suicide",2007-02-01,73,150
831194843,Iraq,"Iraqi Rebels vs. U.S. & Allies","Confirmed Suicide",2007-02-03,135,331
975316355,Iraq,"Iraqi Rebels vs. U.S. & Allies","Confirmed Suicide",2007-02-05,10,60
-726807617,Pakistan,"Pakistani Rebels vs. Pakistan & U.S. Allies","Confirmed Suicide",2007-02-06,0,3
187955523,Iraq,"Iraqi Rebels vs. U.S. & Allies","Confirmed Suicide",2007-02-10,5,10
827858341,Iraq,"Iraqi Rebels vs. U.S. & Allies","Confirmed Suicide",2007-02-12,9,19
1452161053,Iraq,"Iraqi Rebels vs. U.S. & Allies","Confirmed Suicide",2007-02-13,18,45
2011552073,Iraq,"Iraqi Rebels vs. U.S. & Allies","Confirmed Suicide",2007-02-19,5,11
-1691591073,Afghanistan,"Afghan Rebels vs. U.S. & Allies","Confirmed Suicide",2007-02-20,0,7
-1488897490,Iraq,"Iraqi Rebels vs. U.S. & Allies","Confirmed Suicide",2007-02-20,7,20
-947477769,Iraq,"Iraqi Rebels vs. U.S. & Allies","Confirmed Suicide",2007-02-24,39,64
1218122141,Iraq,"Iraqi Rebels vs. U.S. & Allies","Confirmed Suicide",2007-02-25,40,55
1778879341,Iraq,"Iraqi Rebels vs. U.S. & Allies","Confirmed Suicide",2007-02-27,5,13
1221584521,Iraq,"Iraqi Rebels vs. U.S. & Allies","Confirmed Suicide",2007-03-05,30,66
-531554843,Iraq,"Iraqi Rebels vs. U.S. & Allies","Confirmed Suicide",2007-03-06,118,270
-38587520,Iraq,"Iraqi Rebels vs. U.S. & Allies","Confirmed Suicide",2007-03-07,30,29
-746101850,Morocco,"Isolated Attacks","Confirmed Suicide",2007-03-11,0,3
165115666,Iraq,"Iraqi Rebels vs. U.S. & Allies","Confirmed Suicide",2007-03-11,10,25
1036753639,Iraq,"Iraqi Rebels vs. U.S. & Allies","Confirmed Suicide",2007-03-11,20,8
776323599,Iraq,"Iraqi Rebels vs. U.S. & Allies","Confirmed Suicide",2007-03-14,8,25
1341870452,Iraq,"Iraqi Rebels vs. U.S. & Allies","Confirmed Suicide",2007-03-19,6,32
185418808,Iraq,"Iraqi Rebels vs. U.S. & Allies","Confirmed Suicide",2007-03-24,11,45
1225226460,Iraq,"Iraqi Rebels vs. U.S. & Allies","Confirmed Suicide",2007-03-24,10,3
-886302422,Iraq,"Iraqi Rebels vs. U.S. & Allies","Confirmed Suicide",2007-03-26,2,5
-1903415109,Iraq,"Iraqi Rebels vs. U.S. & Allies","Confirmed Suicide",2007-03-27,152,347
-1843941140,Iraq,"Iraqi Rebels vs. U.S. & Allies","Confirmed Suicide",2007-03-27,17,32
385675528,Iraq,"Iraqi Rebels vs. U.S. & Allies","Confirmed Suicide",2007-03-29,60,25
1511468409,Iraq,"Iraqi Rebels vs. U.S. & Allies","Confirmed Suicide",2007-03-29,53,103
-1863520134,Iraq,"Iraqi Rebels vs. U.S. & Allies","Confirmed Suicide",2007-04-05,1,12
1398002294,Iraq,"Iraqi Rebels vs. U.S. & Allies","Confirmed Suicide",2007-04-12,10,26
-422130325,Iraq,"Iraqi Rebels vs. U.S. & Allies","Confirmed Suicide",2007-04-14,40,50
79155095,Iraq,"Iraqi Rebels vs. U.S. & Allies","Confirmed Suicide",2007-04-14,65,168
1569073468,Iraq,"Iraqi Rebels vs. U.S. & Allies","Confirmed Suicide",2007-04-15,6,11
-4981350,Iraq,"Iraqi Rebels vs. U.S. & Allies","Confirmed Suicide",2007-04-19,12,34
2124398117,Afghanistan,"Afghan Rebels vs. U.S. & Allies","Confirmed Suicide",2007-04-22,10,40
1224520477,Iraq,"Iraqi Rebels vs. U.S. & Allies","Confirmed Suicide",2007-04-23,8,16
1346326164,Iraq,"Iraqi Rebels vs. U.S. & Allies","Confirmed Suicide",2007-04-23,19,35
1224607189,Iraq,"Iraqi Rebels vs. U.S. & Allies","Confirmed Suicide",2007-04-28,71,160
-956761029,Iraq,"Iraqi Rebels vs. U.S. & Allies","Confirmed Suicide",2007-04-30,4,6
721452468,Iraq,"Iraqi Rebels vs. U.S. & Allies","Confirmed Suicide",2007-05-06,35,80
-1339552658,Iraq,"Iraqi Rebels vs. U.S. & Allies","Confirmed Suicide",2007-05-07,15,15
1430649094,Iraq,"Iraqi Rebels vs. U.S. & Allies","Confirmed Suicide",2007-05-08,16,70
-521906550,Afghanistan,"Afghan Rebels vs. U.S. & Allies","Confirmed Suicide",2007-05-09,3,7
-644945915,Iraq,"Iraqi Rebels vs. U.S. & Allies","Confirmed Suicide",2007-05-15,45,65
798007228,Pakistan,"Pakistani Rebels vs. Pakistan & U.S. Allies","Confirmed Suicide",2007-05-15,25,40
253820752,Iraq,"Iraqi Rebels vs. U.S. & Allies","Confirmed Suicide",2007-05-19,11,20
-1624874743,Turkey,"PKK vs. Turkey","Confirmed Suicide",2007-05-20,6,100
1822668800,Iraq,"Iraqi Rebels vs. U.S. & Allies","Confirmed Suicide",2007-05-23,15,20
1007417669,Iraq,"Iraqi Rebels vs. U.S. & Allies","Confirmed Suicide",2007-05-28,21,66
1340394416,Iraq,"Iraqi Rebels vs. U.S. & Allies","Confirmed Suicide",2007-05-31,6,15
-367241883,Iraq,"Iraqi Rebels vs. U.S. & Allies","Confirmed Suicide",2007-06-08,19,22
-478283451,Iraq,"Iraqi Rebels vs. U.S. & Allies","Confirmed Suicide",2007-06-10,2,7
1818304718,Iraq,"Iraqi Rebels vs. U.S. & Allies","Confirmed Suicide",2007-06-10,1,5
-618082343,Iraq,"Iraqi Rebels vs. U.S. & Allies","Confirmed Suicide",2007-06-19,65,130
1644037989,Iraq,"Iraqi Rebels vs. U.S. & Allies","Confirmed Suicide",2007-07-01,0,2
-800230499,Yemen,"Rebels vs. Yemen","Confirmed Suicide",2007-07-02,7,12
-796242150,Iraq,"Iraqi Rebels vs. U.S. & Allies","Confirmed Suicide",2007-07-06,33,33
-357814637,Iraq,"Iraqi Rebels vs. U.S. & Allies","Confirmed Suicide",2007-07-06,22,20
-1369703018,Iraq,"Iraqi Rebels vs. U.S. & Allies","Confirmed Suicide",2007-07-07,156,255
-1610870774,Iraq,"Iraqi Rebels vs. U.S. & Allies","Confirmed Suicide",2007-07-12,5,6
2006828659,Iraq,"Iraqi Rebels vs. U.S. & Allies","Confirmed Suicide",2007-07-16,0,2
-106654874,Pakistan,"Pakistani Rebels vs. Pakistan & U.S. Allies","Confirmed Suicide",2007-07-19,30,28
-1023799660,Iraq,"Iraqi Rebels vs. U.S. & Allies","Confirmed Suicide",2007-07-24,32,117
-594890021,Iraq,"Iraqi Rebels vs. U.S. & Allies","Confirmed Suicide",2007-07-25,30,75
-867570261,Iraq,"Iraqi Rebels vs. U.S. & Allies","Confirmed Suicide",2007-08-01,28,50
1842215462,Iraq,"Iraqi Rebels vs. U.S. & Allies","Confirmed Suicide",2007-08-01,50,60
1222095781,Pakistan,"Pakistani Rebels vs. Pakistan & U.S. Allies","Confirmed Suicide",2007-08-04,9,35
1222275937,Iraq,"Iraqi Rebels vs. U.S. & Allies","Confirmed Suicide",2007-08-06,30,50
378898899,Iraq,"Iraqi Rebels vs. U.S. & Allies","Confirmed Suicide",2007-08-14,125,375
929768482,Iraq,"Iraqi Rebels vs. U.S. & Allies","Confirmed Suicide",2007-08-14,500,1000
1852230458,Iraq,"Iraqi Rebels vs. U.S. & Allies","Confirmed Suicide",2007-08-14,10,3
-1987188585,Iraq,"Iraqi Rebels vs. U.S. & Allies","Confirmed Suicide",2007-08-27,11,11
1345148697,Pakistan,"Pakistani Rebels vs. Pakistan & U.S. Allies","Confirmed Suicide",2007-09-04,8,40
1225735547,Iraq,"Iraqi Rebels vs. U.S. & Allies","Confirmed Suicide",2007-09-10,10,78
-1172570569,Iraq,"Iraqi Rebels vs. U.S. & Allies","Confirmed Suicide",2007-09-15,10,25
-741705025,Iraq,"Iraqi Rebels vs. U.S. & Allies","Confirmed Suicide",2007-09-16,5,22
1340298237,Iraq,"Iraqi Rebels vs. U.S. & Allies","Confirmed Suicide",2007-10-01,6,6
-1700923342,Iraq,"Iraqi Rebels vs. U.S. & Allies","Confirmed Suicide",2007-10-11,8,25
292329974,Iraq,"Iraqi Rebels vs. U.S. & Allies","Confirmed Suicide",2007-10-12,3,21
-83309887,Russia,"Chechen Separatists vs. Russia","Confirmed Suicide",2007-10-23,0,5
-1291006508,Iraq,"Iraqi Rebels vs. U.S. & Allies","Confirmed Suicide",2007-10-28,8,26
-815724991,Iraq,"Iraqi Rebels vs. U.S. & Allies","Confirmed Suicide",2007-12-05,5,20
-1845347383,Iraq,"Iraqi Rebels vs. U.S. & Allies","Confirmed Suicide",2007-12-18,14,28
-839963591,Iraq,"Iraqi Rebels vs. U.S. & Allies","Confirmed Suicide",2007-12-25,25,100
1217620474,Iraq,"Iraqi Rebels vs. U.S. & Allies","Confirmed Suicide",2008-01-16,8,15
1217605912,Pakistan,"Pakistani Rebels vs. Pakistan & U.S. Allies","Confirmed Suicide",2008-01-17,12,25
2067997860,Iraq,"Iraqi Rebels vs. U.S. & Allies","Confirmed Suicide",2008-01-17,12,13
1815756464,Iraq,"Iraqi Rebels vs. U.S. & Allies","Confirmed Suicide",2008-01-22,1,21
1217356379,"Sri Lanka","LTTE vs. Sri Lanka & India","Confirmed Suicide",2008-02-03,11,100
582203618,Israel,"Palestinian Resistance vs. Israel","Confirmed Suicide",2008-02-04,1,11
1034955232,Iraq,"Iraqi Rebels vs. U.S. & Allies","Confirmed Suicide",2008-02-15,4,17
125196880,Iraq,"Iraqi Rebels vs. U.S. & Allies","Confirmed Suicide",2008-02-16,3,17
616073939,Iraq,"Iraqi Rebels vs. U.S. & Allies","Confirmed Suicide",2008-02-17,3,5
-1582841571,Iraq,"Iraqi Rebels vs. U.S. & Allies","Confirmed Suicide",2008-02-22,6,9
2019794279,Iraq,"Iraqi Rebels vs. U.S. & Allies","Confirmed Suicide",2008-02-24,40,100
979792828,Iraq,"Iraqi Rebels vs. U.S. & Allies","Confirmed Suicide",2008-02-26,14,7
-723018706,Iraq,"Iraqi Rebels vs. U.S. & Allies","Confirmed Suicide",2008-03-06,54,125
-1627393729,Iraq,"Iraqi Rebels vs. U.S. & Allies","Confirmed Suicide",2008-03-10,1,26
-465481356,Iraq,"Iraqi Rebels vs. U.S. & Allies","Confirmed Suicide",2008-03-13,18,50
-1670928151,Iraq,"Iraqi Rebels vs. U.S. & Allies","Confirmed Suicide",2008-03-17,57,73
-867267091,Iraq,"Iraqi Rebels vs. U.S. & Allies","Confirmed Suicide",2008-03-23,7,14
176467112,Iraq,"Iraqi Rebels vs. U.S. & Allies","Confirmed Suicide",2008-04-14,4,29
1219071870,Iraq,"Iraqi Rebels vs. U.S. & Allies","Confirmed Suicide",2008-05-01,32,65
-2010874715,Iraq,"Iraqi Rebels vs. U.S. & Allies","Confirmed Suicide",2008-06-14,0,40
176765393,Iraq,"Iraqi Rebels vs. U.S. & Allies","Confirmed Suicide",2008-07-03,0,1
320532767,Iraq,"Iraqi Rebels vs. U.S. & Allies","Confirmed Suicide",2008-07-07,2,14
578933727,Iraq,"Iraqi Rebels vs. U.S. & Allies","Confirmed Suicide",2008-07-28,32,102
-1268612466,Afghanistan,"Afghan Rebels vs. U.S. & Allies","Confirmed Suicide",2008-08-04,2,2
1339773714,Iraq,"Iraqi Rebels vs. U.S. & Allies","Confirmed Suicide",2008-08-07,25,72
1683180252,Pakistan,"Pakistani Rebels vs. Pakistan & U.S. Allies","Confirmed Suicide",2008-08-11,0,2
-375537496,Iraq,"Iraqi Rebels vs. U.S. & Allies","Confirmed Suicide",2008-08-14,22,75
-1791375765,Iraq,"Iraqi Rebels vs. U.S. & Allies","Confirmed Suicide",2008-08-15,9,40
60038039,Pakistan,"Pakistani Rebels vs. Pakistan & U.S. Allies","Confirmed Suicide",2008-08-19,21,20
1508486627,Iraq,"Iraqi Rebels vs. U.S. & Allies","Confirmed Suicide",2008-08-27,0,2
-376534265,Iraq,"Iraqi Rebels vs. U.S. & Allies","Confirmed Suicide",2008-09-06,6,54
961725201,Iraq,"Iraqi Rebels vs. U.S. & Allies","Confirmed Suicide",2008-09-12,2,15
-874779913,Iraq,"Iraqi Rebels vs. U.S. & Allies","Confirmed Suicide",2008-09-20,3,20
402312021,Iraq,"Iraqi Rebels vs. U.S. & Allies","Confirmed Suicide",2008-09-28,20,72
-1593521033,Iraq,"Iraqi Rebels vs. U.S. & Allies","Confirmed Suicide",2008-10-02,14,28
1397832218,Iraq,"Iraqi Rebels vs. U.S. & Allies","Confirmed Suicide",2008-10-02,12,28
-631851872,Russia,"Chechen Separatists vs. Russia","Confirmed Suicide",2008-11-06,12,40
-1672576624,Iraq,"Iraqi Rebels vs. U.S. & Allies","Confirmed Suicide",2008-11-09,3,7
440192418,Iraq,"Iraqi Rebels vs. U.S. & Allies","Confirmed Suicide",2008-11-10,30,68
1251491311,Pakistan,"Pakistani Rebels vs. Pakistan & U.S. Allies","Confirmed Suicide",2008-11-12,9,0
1339774736,Iraq,"Iraqi Rebels vs. U.S. & Allies","Confirmed Suicide",2008-11-15,11,40
2057554054,Iraq,"Iraqi Rebels vs. U.S. & Allies","Confirmed Suicide",2008-11-28,12,15
1999706522,Pakistan,"Pakistani Rebels vs. Pakistan & U.S. Allies","Confirmed Suicide",2008-12-09,1,4
